,path,label
0,/workspace/ExpW/origin/Roller_Coaster_lady_862.jpg,6
1,/workspace/ExpW/origin/amazed_African_181.jpg,1
2,/workspace/ExpW/origin/amazed_actor_414.jpg,1
3,/workspace/ExpW/origin/amazed_actor_474.jpg,6
4,/workspace/ExpW/origin/amazed_actor_341.jpg,3
5,/workspace/ExpW/origin/amazed_actor_235.jpg,3
6,/workspace/ExpW/origin/amazed_African_350.jpg,6
7,/workspace/ExpW/origin/amazed_African_153.jpg,6
8,/workspace/ExpW/origin/amazed_African_655.jpg,6
9,/workspace/ExpW/origin/amazed_African_356.jpg,6
10,/workspace/ExpW/origin/amazed_African_256.jpg,4
11,/workspace/ExpW/origin/amazed_actor_352.jpg,6
12,/workspace/ExpW/origin/amazed_actor_45.jpg,6
13,/workspace/ExpW/origin/amazed_actor_313.jpg,3
14,/workspace/ExpW/origin/amazed_African_111.jpg,6
15,/workspace/ExpW/origin/amazed_African_834.jpg,3
16,/workspace/ExpW/origin/amazed_African_221.jpg,5
17,/workspace/ExpW/origin/amazed_African_717.jpg,6
18,/workspace/ExpW/origin/amazed_actor_378.jpg,6
19,/workspace/ExpW/origin/amazed_actor_487.jpg,6
20,/workspace/ExpW/origin/amazed_actor_179.jpg,0
21,/workspace/ExpW/origin/amazed_actor_457.jpg,3
22,/workspace/ExpW/origin/amazed_African_866.jpg,3
23,/workspace/ExpW/origin/amazed_actor_479.jpg,4
24,/workspace/ExpW/origin/amazed_African_520.jpg,5
25,/workspace/ExpW/origin/amazed_actor_323.jpg,6
26,/workspace/ExpW/origin/amazed_actor_285.jpg,5
27,/workspace/ExpW/origin/amazed_African_958.jpg,4
28,/workspace/ExpW/origin/amazed_African_623.jpg,3
29,/workspace/ExpW/origin/amazed_actor_336.jpg,3
30,/workspace/ExpW/origin/amazed_actor_347.jpg,6
31,/workspace/ExpW/origin/amazed_actor_112.jpg,6
32,/workspace/ExpW/origin/amazed_African_261.jpg,6
33,/workspace/ExpW/origin/amazed_African_350.jpg,6
34,/workspace/ExpW/origin/amazed_actor_122.jpg,3
35,/workspace/ExpW/origin/amazed_African_409.jpg,3
36,/workspace/ExpW/origin/amazed_African_87.jpg,6
37,/workspace/ExpW/origin/amazed_African_623.jpg,6
38,/workspace/ExpW/origin/amazed_actor_2.jpg,3
39,/workspace/ExpW/origin/amazed_actor_182.jpg,3
40,/workspace/ExpW/origin/amazed_actor_382.jpg,1
41,/workspace/ExpW/origin/amazed_African_562.jpg,3
42,/workspace/ExpW/origin/amazed_actor_399.jpg,1
43,/workspace/ExpW/origin/amazed_African_562.jpg,3
44,/workspace/ExpW/origin/amazed_actor_149.jpg,6
45,/workspace/ExpW/origin/amazed_actor_474.jpg,6
46,/workspace/ExpW/origin/amazed_African_779.jpg,2
47,/workspace/ExpW/origin/amazed_actor_392.jpg,6
48,/workspace/ExpW/origin/amazed_African_281.jpg,3
49,/workspace/ExpW/origin/amazed_actor_401.jpg,4
50,/workspace/ExpW/origin/amazed_actor_316.jpg,1
51,/workspace/ExpW/origin/amazed_African_746.jpg,3
52,/workspace/ExpW/origin/amazed_African_580.jpg,6
53,/workspace/ExpW/origin/amazed_actor_499.jpg,6
54,/workspace/ExpW/origin/amazed_actor_499.jpg,6
55,/workspace/ExpW/origin/amazed_actor_465.jpg,3
56,/workspace/ExpW/origin/amazed_African_109.jpg,5
57,/workspace/ExpW/origin/amazed_actor_434.jpg,4
58,/workspace/ExpW/origin/amazed_African_503.jpg,6
59,/workspace/ExpW/origin/amazed_African_855.jpg,4
60,/workspace/ExpW/origin/amazed_actor_312.jpg,6
61,/workspace/ExpW/origin/amazed_African_114.jpg,6
62,/workspace/ExpW/origin/amazed_African_922.jpg,3
63,/workspace/ExpW/origin/amazed_African_228.jpg,6
64,/workspace/ExpW/origin/amazed_actor_217.jpg,6
65,/workspace/ExpW/origin/amazed_actor_211.jpg,1
66,/workspace/ExpW/origin/amazed_actor_162.jpg,6
67,/workspace/ExpW/origin/amazed_actor_450.jpg,6
68,/workspace/ExpW/origin/amazed_actor_182.jpg,3
69,/workspace/ExpW/origin/amazed_actor_198.jpg,3
70,/workspace/ExpW/origin/amazed_African_549.jpg,6
71,/workspace/ExpW/origin/amazed_actor_483.jpg,6
72,/workspace/ExpW/origin/amazed_African_348.jpg,3
73,/workspace/ExpW/origin/amazed_actor_304.jpg,6
74,/workspace/ExpW/origin/amazed_African_618.jpg,3
75,/workspace/ExpW/origin/amazed_African_530.jpg,5
76,/workspace/ExpW/origin/amazed_actor_309.jpg,6
77,/workspace/ExpW/origin/amazed_actor_137.jpg,2
78,/workspace/ExpW/origin/amazed_African_321.jpg,3
79,/workspace/ExpW/origin/amazed_actor_389.jpg,6
80,/workspace/ExpW/origin/amazed_African_237.jpg,6
81,/workspace/ExpW/origin/amazed_actor_384.jpg,5
82,/workspace/ExpW/origin/amazed_African_654.jpg,6
83,/workspace/ExpW/origin/amazed_actor_14.jpg,6
84,/workspace/ExpW/origin/amazed_actor_370.jpg,6
85,/workspace/ExpW/origin/amazed_actor_4.jpg,5
86,/workspace/ExpW/origin/amazed_actor_433.jpg,3
87,/workspace/ExpW/origin/amazed_African_79.jpg,6
88,/workspace/ExpW/origin/amazed_actor_352.jpg,6
89,/workspace/ExpW/origin/amazed_actor_270.jpg,6
90,/workspace/ExpW/origin/amazed_actor_452.jpg,6
91,/workspace/ExpW/origin/amazed_African_776.jpg,6
92,/workspace/ExpW/origin/amazed_African_275.jpg,6
93,/workspace/ExpW/origin/amazed_actor_238.jpg,6
94,/workspace/ExpW/origin/amazed_African_565.jpg,3
95,/workspace/ExpW/origin/amazed_actor_131.jpg,2
96,/workspace/ExpW/origin/amazed_actor_430.jpg,6
97,/workspace/ExpW/origin/afraid_woman_88.jpg,5
98,/workspace/ExpW/origin/afraid_man_116.jpg,5
99,/workspace/ExpW/origin/afraid_woman_33.jpg,5
100,/workspace/ExpW/origin/afraid_programmer_741.jpg,5
101,/workspace/ExpW/origin/afraid_man_32.jpg,5
102,/workspace/ExpW/origin/afraid_black_76.jpg,0
103,/workspace/ExpW/origin/afraid_woman_176.jpg,5
104,/workspace/ExpW/origin/afraid_girl_298.jpg,5
105,/workspace/ExpW/origin/afraid_man_208.jpg,2
106,/workspace/ExpW/origin/afraid_son_672.jpg,5
107,/workspace/ExpW/origin/afraid_infant_421.jpg,5
108,/workspace/ExpW/origin/afraid_son_672.jpg,5
109,/workspace/ExpW/origin/afraid_infant_421.jpg,5
110,/workspace/ExpW/origin/afraid_woman_295.jpg,0
111,/workspace/ExpW/origin/afraid_programmer_208.jpg,1
112,/workspace/ExpW/origin/afraid_programmer_208.jpg,1
113,/workspace/ExpW/origin/afraid_yang_387.jpg,5
114,/workspace/ExpW/origin/afraid_chinese_70.jpg,4
115,/workspace/ExpW/origin/afraid_grandfather_879.jpg,6
116,/workspace/ExpW/origin/afraid_man_325.jpg,5
117,/workspace/ExpW/origin/afraid_teacher_95.jpg,2
118,/workspace/ExpW/origin/afraid_infant_1.jpg,5
119,/workspace/ExpW/origin/amazed_African_158.jpg,6
120,/workspace/ExpW/origin/amazed_African_35.jpg,3
121,/workspace/ExpW/origin/amazed_African_125.jpg,6
122,/workspace/ExpW/origin/amazed_African_599.jpg,6
123,/workspace/ExpW/origin/amazed_actor_21.jpg,3
124,/workspace/ExpW/origin/amazed_actor_18.jpg,6
125,/workspace/ExpW/origin/amazed_African_346.jpg,6
126,/workspace/ExpW/origin/afraid_girl_92.jpg,5
127,/workspace/ExpW/origin/amazed_actor_118.jpg,6
128,/workspace/ExpW/origin/amazed_actor_339.jpg,6
129,/workspace/ExpW/origin/amazed_actor_478.jpg,5
130,/workspace/ExpW/origin/amazed_actor_103.jpg,5
131,/workspace/ExpW/origin/amazed_actor_260.jpg,3
132,/workspace/ExpW/origin/amazed_African_15.jpg,3
133,/workspace/ExpW/origin/amazed_actor_466.jpg,5
134,/workspace/ExpW/origin/afraid_father_424.jpg,4
135,/workspace/ExpW/origin/amazed_actor_265.jpg,6
136,/workspace/ExpW/origin/amazed_actor_255.jpg,6
137,/workspace/ExpW/origin/amazed_African_24.jpg,5
138,/workspace/ExpW/origin/amazed_African_16.jpg,5
139,/workspace/ExpW/origin/amazed_African_654.jpg,6
140,/workspace/ExpW/origin/amazed_African_320.jpg,6
141,/workspace/ExpW/origin/amazed_African_116.jpg,6
142,/workspace/ExpW/origin/amazed_actor_332.jpg,6
143,/workspace/ExpW/origin/amazed_actor_426.jpg,6
144,/workspace/ExpW/origin/amazed_actor_501.jpg,3
145,/workspace/ExpW/origin/amazed_actor_496.jpg,6
146,/workspace/ExpW/origin/amazed_actor_433.jpg,6
147,/workspace/ExpW/origin/amazed_actor_396.jpg,6
148,/workspace/ExpW/origin/amazed_actor_427.jpg,6
149,/workspace/ExpW/origin/amazed_actor_12.jpg,5
150,/workspace/ExpW/origin/amazed_actor_470.jpg,5
151,/workspace/ExpW/origin/amazed_African_654.jpg,6
152,/workspace/ExpW/origin/amazed_African_293.jpg,6
153,/workspace/ExpW/origin/amazed_actor_300.jpg,6
154,/workspace/ExpW/origin/afraid_girl_270.jpg,5
155,/workspace/ExpW/origin/afraid_couple_455.jpg,2
156,/workspace/ExpW/origin/afraid_infant_231.jpg,4
157,/workspace/ExpW/origin/afraid_woman_158.jpg,1
158,/workspace/ExpW/origin/amazed_actor_238.jpg,3
159,/workspace/ExpW/origin/amazed_actor_331.jpg,3
160,/workspace/ExpW/origin/amazed_actor_338.jpg,3
161,/workspace/ExpW/origin/amazed_actor_329.jpg,3
162,/workspace/ExpW/origin/amazed_actor_23.jpg,6
163,/workspace/ExpW/origin/amazed_actor_169.jpg,3
164,/workspace/ExpW/origin/amazed_actor_178.jpg,3
165,/workspace/ExpW/origin/amazed_actor_277.jpg,1
166,/workspace/ExpW/origin/amazed_actor_332.jpg,3
167,/workspace/ExpW/origin/amazed_actor_136.jpg,6
168,/workspace/ExpW/origin/amazed_actor_145.jpg,5
169,/workspace/ExpW/origin/amazed_actor_104.jpg,6
170,/workspace/ExpW/origin/amazed_actor_168.jpg,6
171,/workspace/ExpW/origin/amazed_actor_324.jpg,3
172,/workspace/ExpW/origin/amazed_actor_125.jpg,3
173,/workspace/ExpW/origin/amazed_actor_177.jpg,6
174,/workspace/ExpW/origin/amazed_actor_310.jpg,6
175,/workspace/ExpW/origin/amazed_actor_109.jpg,3
176,/workspace/ExpW/origin/amazed_actor_138.jpg,6
177,/workspace/ExpW/origin/amazed_actor_332.jpg,3
178,/workspace/ExpW/origin/amazed_actor_253.jpg,3
179,/workspace/ExpW/origin/amazed_actor_204.jpg,3
180,/workspace/ExpW/origin/amazed_actor_155.jpg,3
181,/workspace/ExpW/origin/amazed_actor_206.jpg,3
182,/workspace/ExpW/origin/amazed_actor_229.jpg,3
183,/workspace/ExpW/origin/amazed_actor_180.jpg,3
184,/workspace/ExpW/origin/amazed_actor_182.jpg,3
185,/workspace/ExpW/origin/amazed_actor_295.jpg,3
186,/workspace/ExpW/origin/amazed_actor_230.jpg,3
187,/workspace/ExpW/origin/amazed_actor_24.jpg,3
188,/workspace/ExpW/origin/amazed_actor_148.jpg,3
189,/workspace/ExpW/origin/amazed_actor_221.jpg,3
190,/workspace/ExpW/origin/amazed_actor_30.jpg,6
191,/workspace/ExpW/origin/amazed_actor_224.jpg,3
192,/workspace/ExpW/origin/amazed_actor_273.jpg,3
193,/workspace/ExpW/origin/amazed_actor_116.jpg,3
194,/workspace/ExpW/origin/amazed_actor_167.jpg,3
195,/workspace/ExpW/origin/amazed_actor_248.jpg,3
196,/workspace/ExpW/origin/amazed_actor_150.jpg,3
197,/workspace/ExpW/origin/amazed_actor_140.jpg,3
198,/workspace/ExpW/origin/amazed_actor_102.jpg,3
199,/workspace/ExpW/origin/amazed_actor_142.jpg,0
200,/workspace/ExpW/origin/amazed_actor_16.jpg,3
201,/workspace/ExpW/origin/amazed_actor_285.jpg,3
202,/workspace/ExpW/origin/amazed_actor_316.jpg,6
203,/workspace/ExpW/origin/amazed_actor_282.jpg,3
204,/workspace/ExpW/origin/amazed_actor_24.jpg,3
205,/workspace/ExpW/origin/amazed_actor_173.jpg,3
206,/workspace/ExpW/origin/amazed_actor_334.jpg,1
207,/workspace/ExpW/origin/amazed_actor_264.jpg,6
208,/workspace/ExpW/origin/amazed_actor_191.jpg,1
209,/workspace/ExpW/origin/amazed_actor_222.jpg,3
210,/workspace/ExpW/origin/amazed_actor_155.jpg,3
211,/workspace/ExpW/origin/afraid_man_2.jpg,5
212,/workspace/ExpW/origin/amazed_actor_176.jpg,3
213,/workspace/ExpW/origin/amazed_actor_290.jpg,3
214,/workspace/ExpW/origin/amazed_actor_238.jpg,3
215,/workspace/ExpW/origin/amazed_actor_166.jpg,3
216,/workspace/ExpW/origin/amazed_actor_225.jpg,3
217,/workspace/ExpW/origin/amazed_actor_262.jpg,3
218,/workspace/ExpW/origin/amazed_actor_278.jpg,3
219,/workspace/ExpW/origin/amazed_actor_216.jpg,3
220,/workspace/ExpW/origin/amazed_actor_321.jpg,3
221,/workspace/ExpW/origin/amazed_actor_130.jpg,3
222,/workspace/ExpW/origin/amazed_actor_185.jpg,6
223,/workspace/ExpW/origin/amazed_actor_155.jpg,3
224,/workspace/ExpW/origin/amazed_actor_155.jpg,3
225,/workspace/ExpW/origin/amazed_actor_182.jpg,3
226,/workspace/ExpW/origin/amazed_actor_337.jpg,3
227,/workspace/ExpW/origin/amazed_actor_125.jpg,3
228,/workspace/ExpW/origin/amazed_actor_137.jpg,1
229,/workspace/ExpW/origin/amazed_actor_223.jpg,3
230,/workspace/ExpW/origin/amazed_actor_276.jpg,3
231,/workspace/ExpW/origin/amazed_actor_21.jpg,3
232,/workspace/ExpW/origin/amazed_actor_151.jpg,3
233,/workspace/ExpW/origin/amazed_actor_129.jpg,6
234,/workspace/ExpW/origin/amazed_actor_245.jpg,0
235,/workspace/ExpW/origin/amazed_actor_466.jpg,3
236,/workspace/ExpW/origin/amazed_actor_41.jpg,3
237,/workspace/ExpW/origin/amazed_African_520.jpg,5
238,/workspace/ExpW/origin/amazed_African_380.jpg,3
239,/workspace/ExpW/origin/amazed_African_519.jpg,3
240,/workspace/ExpW/origin/amazed_actor_421.jpg,3
241,/workspace/ExpW/origin/amazed_African_421.jpg,3
242,/workspace/ExpW/origin/amazed_African_202.jpg,3
243,/workspace/ExpW/origin/amazed_African_29.jpg,3
244,/workspace/ExpW/origin/amazed_actor_474.jpg,3
245,/workspace/ExpW/origin/amazed_African_395.jpg,3
246,/workspace/ExpW/origin/amazed_actor_363.jpg,3
247,/workspace/ExpW/origin/amazed_African_126.jpg,3
248,/workspace/ExpW/origin/amazed_African_562.jpg,3
249,/workspace/ExpW/origin/amazed_African_194.jpg,3
250,/workspace/ExpW/origin/amazed_African_229.jpg,3
251,/workspace/ExpW/origin/amazed_African_49.jpg,3
252,/workspace/ExpW/origin/amazed_African_475.jpg,3
253,/workspace/ExpW/origin/amazed_African_402.jpg,3
254,/workspace/ExpW/origin/amazed_African_264.jpg,3
255,/workspace/ExpW/origin/amazed_actor_499.jpg,3
256,/workspace/ExpW/origin/amazed_actor_380.jpg,3
257,/workspace/ExpW/origin/amazed_actor_458.jpg,3
258,/workspace/ExpW/origin/amazed_actor_503.jpg,3
259,/workspace/ExpW/origin/amazed_African_613.jpg,3
260,/workspace/ExpW/origin/amazed_African_451.jpg,3
261,/workspace/ExpW/origin/amazed_African_177.jpg,6
262,/workspace/ExpW/origin/amazed_African_105.jpg,3
263,/workspace/ExpW/origin/amazed_African_143.jpg,3
264,/workspace/ExpW/origin/amazed_actor_461.jpg,3
265,/workspace/ExpW/origin/amazed_African_33.jpg,3
266,/workspace/ExpW/origin/amazed_African_530.jpg,3
267,/workspace/ExpW/origin/amazed_African_501.jpg,3
268,/workspace/ExpW/origin/amazed_African_227.jpg,6
269,/workspace/ExpW/origin/amazed_African_475.jpg,3
270,/workspace/ExpW/origin/amazed_African_240.jpg,3
271,/workspace/ExpW/origin/amazed_African_38.jpg,3
272,/workspace/ExpW/origin/amazed_actor_39.jpg,3
273,/workspace/ExpW/origin/amazed_actor_443.jpg,3
274,/workspace/ExpW/origin/amazed_African_534.jpg,3
275,/workspace/ExpW/origin/amazed_African_136.jpg,3
276,/workspace/ExpW/origin/amazed_African_518.jpg,3
277,/workspace/ExpW/origin/amazed_African_156.jpg,3
278,/workspace/ExpW/origin/amazed_African_272.jpg,6
279,/workspace/ExpW/origin/amazed_African_410.jpg,6
280,/workspace/ExpW/origin/amazed_African_142.jpg,3
281,/workspace/ExpW/origin/amazed_African_321.jpg,3
282,/workspace/ExpW/origin/amazed_African_562.jpg,6
283,/workspace/ExpW/origin/amazed_actor_390.jpg,3
284,/workspace/ExpW/origin/amazed_African_505.jpg,3
285,/workspace/ExpW/origin/amazed_actor_425.jpg,3
286,/workspace/ExpW/origin/amazed_African_171.jpg,3
287,/workspace/ExpW/origin/amazed_actor_342.jpg,3
288,/workspace/ExpW/origin/amazed_African_165.jpg,3
289,/workspace/ExpW/origin/amazed_African_497.jpg,3
290,/workspace/ExpW/origin/amazed_African_267.jpg,6
291,/workspace/ExpW/origin/amazed_African_531.jpg,3
292,/workspace/ExpW/origin/amazed_African_224.jpg,3
293,/workspace/ExpW/origin/amazed_actor_367.jpg,3
294,/workspace/ExpW/origin/amazed_actor_463.jpg,3
295,/workspace/ExpW/origin/amazed_African_565.jpg,3
296,/workspace/ExpW/origin/amazed_African_562.jpg,3
297,/workspace/ExpW/origin/amazed_African_497.jpg,6
298,/workspace/ExpW/origin/amazed_African_249.jpg,6
299,/workspace/ExpW/origin/amazed_actor_366.jpg,3
300,/workspace/ExpW/origin/amazed_African_562.jpg,3
301,/workspace/ExpW/origin/amazed_African_145.jpg,3
302,/workspace/ExpW/origin/amazed_actor_362.jpg,1
303,/workspace/ExpW/origin/amazed_actor_476.jpg,3
304,/workspace/ExpW/origin/amazed_African_363.jpg,3
305,/workspace/ExpW/origin/amazed_African_216.jpg,3
306,/workspace/ExpW/origin/amazed_African_53.jpg,6
307,/workspace/ExpW/origin/amazed_actor_388.jpg,6
308,/workspace/ExpW/origin/amazed_African_189.jpg,6
309,/workspace/ExpW/origin/amazed_African_140.jpg,3
310,/workspace/ExpW/origin/amazed_African_249.jpg,3
311,/workspace/ExpW/origin/amazed_African_319.jpg,3
312,/workspace/ExpW/origin/amazed_African_213.jpg,3
313,/workspace/ExpW/origin/amazed_African_132.jpg,4
314,/workspace/ExpW/origin/amazed_African_127.jpg,3
315,/workspace/ExpW/origin/amazed_actor_359.jpg,6
316,/workspace/ExpW/origin/amazed_African_435.jpg,3
317,/workspace/ExpW/origin/amazed_African_129.jpg,3
318,/workspace/ExpW/origin/amazed_African_18.jpg,3
319,/workspace/ExpW/origin/amazed_African_380.jpg,3
320,/workspace/ExpW/origin/amazed_actor_460.jpg,6
321,/workspace/ExpW/origin/amazed_African_562.jpg,3
322,/workspace/ExpW/origin/amazed_actor_505.jpg,3
323,/workspace/ExpW/origin/amazed_African_302.jpg,3
324,/workspace/ExpW/origin/amazed_African_341.jpg,3
325,/workspace/ExpW/origin/amazed_African_124.jpg,3
326,/workspace/ExpW/origin/amazed_African_368.jpg,3
327,/workspace/ExpW/origin/amazed_African_421.jpg,3
328,/workspace/ExpW/origin/amazed_actor_438.jpg,3
329,/workspace/ExpW/origin/amazed_African_335.jpg,6
330,/workspace/ExpW/origin/amazed_African_304.jpg,4
331,/workspace/ExpW/origin/amazed_African_395.jpg,6
332,/workspace/ExpW/origin/amazed_African_562.jpg,3
333,/workspace/ExpW/origin/amazed_African_220.jpg,3
334,/workspace/ExpW/origin/amazed_African_519.jpg,3
335,/workspace/ExpW/origin/amazed_actor_445.jpg,3
336,/workspace/ExpW/origin/amazed_African_5.jpg,3
337,/workspace/ExpW/origin/amazed_African_519.jpg,3
338,/workspace/ExpW/origin/amazed_African_435.jpg,6
339,/workspace/ExpW/origin/amazed_African_248.jpg,3
340,/workspace/ExpW/origin/amazed_African_144.jpg,3
341,/workspace/ExpW/origin/amazed_African_11.jpg,3
342,/workspace/ExpW/origin/amazed_actor_43.jpg,3
343,/workspace/ExpW/origin/amazed_actor_442.jpg,3
344,/workspace/ExpW/origin/amazed_African_214.jpg,3
345,/workspace/ExpW/origin/amazed_African_138.jpg,5
346,/workspace/ExpW/origin/amazed_African_505.jpg,3
347,/workspace/ExpW/origin/amazed_African_190.jpg,3
348,/workspace/ExpW/origin/amazed_actor_449.jpg,3
349,/workspace/ExpW/origin/amazed_African_409.jpg,6
350,/workspace/ExpW/origin/amazed_African_603.jpg,6
351,/workspace/ExpW/origin/amazed_African_386.jpg,3
352,/workspace/ExpW/origin/amazed_African_245.jpg,3
353,/workspace/ExpW/origin/amazed_actor_408.jpg,6
354,/workspace/ExpW/origin/amazed_actor_507.jpg,3
355,/workspace/ExpW/origin/amazed_actor_352.jpg,4
356,/workspace/ExpW/origin/amazed_African_353.jpg,3
357,/workspace/ExpW/origin/amazed_African_178.jpg,3
358,/workspace/ExpW/origin/amazed_African_562.jpg,6
359,/workspace/ExpW/origin/amazed_African_386.jpg,3
360,/workspace/ExpW/origin/amazed_African_386.jpg,3
361,/workspace/ExpW/origin/amazed_African_519.jpg,3
362,/workspace/ExpW/origin/amazed_African_562.jpg,3
363,/workspace/ExpW/origin/amazed_African_618.jpg,3
364,/workspace/ExpW/origin/amazed_actor_401.jpg,3
365,/workspace/ExpW/origin/amazed_actor_365.jpg,3
366,/workspace/ExpW/origin/amazed_African_196.jpg,3
367,/workspace/ExpW/origin/amazed_African_454.jpg,3
368,/workspace/ExpW/origin/amazed_African_380.jpg,3
369,/workspace/ExpW/origin/amazed_actor_412.jpg,6
370,/workspace/ExpW/origin/amazed_African_463.jpg,4
371,/workspace/ExpW/origin/amazed_actor_354.jpg,6
372,/workspace/ExpW/origin/amazed_African_380.jpg,3
373,/workspace/ExpW/origin/amazed_African_505.jpg,3
374,/workspace/ExpW/origin/amazed_actor_491.jpg,3
375,/workspace/ExpW/origin/amazed_African_409.jpg,3
376,/workspace/ExpW/origin/amazed_African_210.jpg,3
377,/workspace/ExpW/origin/amazed_African_204.jpg,6
378,/workspace/ExpW/origin/amazed_actor_361.jpg,3
379,/workspace/ExpW/origin/amazed_African_289.jpg,6
380,/workspace/ExpW/origin/amazed_African_618.jpg,3
381,/workspace/ExpW/origin/amazed_actor_474.jpg,4
382,/workspace/ExpW/origin/amazed_African_534.jpg,3
383,/workspace/ExpW/origin/amazed_African_321.jpg,3
384,/workspace/ExpW/origin/amazed_actor_499.jpg,3
385,/workspace/ExpW/origin/amazed_African_290.jpg,3
386,/workspace/ExpW/origin/amazed_African_17.jpg,5
387,/workspace/ExpW/origin/amazed_African_530.jpg,3
388,/workspace/ExpW/origin/amazed_African_191.jpg,3
389,/workspace/ExpW/origin/amazed_African_253.jpg,3
390,/workspace/ExpW/origin/amazed_actor_42.jpg,3
391,/workspace/ExpW/origin/amazed_actor_38.jpg,3
392,/workspace/ExpW/origin/amazed_actor_464.jpg,3
393,/workspace/ExpW/origin/amazed_African_205.jpg,3
394,/workspace/ExpW/origin/amazed_African_396.jpg,3
395,/workspace/ExpW/origin/amazed_African_3.jpg,3
396,/workspace/ExpW/origin/amazed_African_562.jpg,6
397,/workspace/ExpW/origin/amazed_African_413.jpg,3
398,/workspace/ExpW/origin/amazed_African_581.jpg,3
399,/workspace/ExpW/origin/amazed_actor_405.jpg,6
400,/workspace/ExpW/origin/amazed_African_451.jpg,3
401,/workspace/ExpW/origin/amazed_actor_482.jpg,3
402,/workspace/ExpW/origin/amazed_African_14.jpg,5
403,/workspace/ExpW/origin/amazed_actor_404.jpg,3
404,/workspace/ExpW/origin/amazed_African_106.jpg,3
405,/workspace/ExpW/origin/amazed_actor_33.jpg,6
406,/workspace/ExpW/origin/amazed_actor_348.jpg,3
407,/workspace/ExpW/origin/amazed_actor_506.jpg,3
408,/workspace/ExpW/origin/amazed_African_475.jpg,3
409,/workspace/ExpW/origin/amazed_African_380.jpg,3
410,/workspace/ExpW/origin/amazed_African_197.jpg,3
411,/workspace/ExpW/origin/amazed_actor_473.jpg,3
412,/workspace/ExpW/origin/amazed_actor_394.jpg,6
413,/workspace/ExpW/origin/amazed_African_123.jpg,6
414,/workspace/ExpW/origin/amazed_actor_406.jpg,3
415,/workspace/ExpW/origin/amazed_African_203.jpg,3
416,/workspace/ExpW/origin/amazed_actor_436.jpg,3
417,/workspace/ExpW/origin/amazed_actor_447.jpg,3
418,/workspace/ExpW/origin/amazed_actor_438.jpg,3
419,/workspace/ExpW/origin/amazed_actor_407.jpg,3
420,/workspace/ExpW/origin/amazed_African_157.jpg,3
421,/workspace/ExpW/origin/amazed_African_386.jpg,3
422,/workspace/ExpW/origin/amazed_African_45.jpg,3
423,/workspace/ExpW/origin/amazed_African_175.jpg,3
424,/workspace/ExpW/origin/amazed_African_139.jpg,3
425,/workspace/ExpW/origin/amazed_actor_429.jpg,3
426,/workspace/ExpW/origin/amazed_African_372.jpg,3
427,/workspace/ExpW/origin/amazed_African_300.jpg,3
428,/workspace/ExpW/origin/amazed_African_26.jpg,3
429,/workspace/ExpW/origin/amazed_African_159.jpg,3
430,/workspace/ExpW/origin/amazed_actor_455.jpg,3
431,/workspace/ExpW/origin/amazed_African_505.jpg,3
432,/workspace/ExpW/origin/amazed_African_218.jpg,3
433,/workspace/ExpW/origin/amazed_African_289.jpg,3
434,/workspace/ExpW/origin/amazed_African_205.jpg,6
435,/workspace/ExpW/origin/amazed_actor_415.jpg,3
436,/workspace/ExpW/origin/amazed_African_692.jpg,3
437,/workspace/ExpW/origin/amazed_African_658.jpg,3
438,/workspace/ExpW/origin/amazed_African_618.jpg,3
439,/workspace/ExpW/origin/amazed_African_744.jpg,3
440,/workspace/ExpW/origin/amazed_African_629.jpg,3
441,/workspace/ExpW/origin/amazed_African_708.jpg,3
442,/workspace/ExpW/origin/amazed_African_864.jpg,6
443,/workspace/ExpW/origin/amazed_African_866.jpg,3
444,/workspace/ExpW/origin/amazed_African_816.jpg,3
445,/workspace/ExpW/origin/amazed_African_629.jpg,3
446,/workspace/ExpW/origin/amazed_African_812.jpg,5
447,/workspace/ExpW/origin/amazed_African_776.jpg,5
448,/workspace/ExpW/origin/amazed_African_96.jpg,6
449,/workspace/ExpW/origin/amazed_African_623.jpg,3
450,/workspace/ExpW/origin/amazed_African_655.jpg,3
451,/workspace/ExpW/origin/amazed_African_746.jpg,3
452,/workspace/ExpW/origin/amazed_African_921.jpg,6
453,/workspace/ExpW/origin/amazed_African_692.jpg,3
454,/workspace/ExpW/origin/amazed_African_629.jpg,3
455,/workspace/ExpW/origin/amazed_African_63.jpg,3
456,/workspace/ExpW/origin/amazed_African_651.jpg,4
457,/workspace/ExpW/origin/amazed_African_623.jpg,3
458,/workspace/ExpW/origin/amazed_African_71.jpg,3
459,/workspace/ExpW/origin/amazed_African_72.jpg,3
460,/workspace/ExpW/origin/amazed_African_692.jpg,3
461,/workspace/ExpW/origin/amazed_African_9.jpg,3
462,/workspace/ExpW/origin/amazed_African_63.jpg,3
463,/workspace/ExpW/origin/amazed_African_856.jpg,3
464,/workspace/ExpW/origin/amazed_African_658.jpg,3
465,/workspace/ExpW/origin/amazed_African_776.jpg,6
466,/workspace/ExpW/origin/amazed_African_8.jpg,3
467,/workspace/ExpW/origin/amazed_African_776.jpg,6
468,/workspace/ExpW/origin/amazed_African_692.jpg,3
469,/workspace/ExpW/origin/amazed_African_812.jpg,3
470,/workspace/ExpW/origin/amazed_African_83.jpg,3
471,/workspace/ExpW/origin/amazed_African_70.jpg,3
472,/workspace/ExpW/origin/amazed_African_65.jpg,3
473,/workspace/ExpW/origin/amazed_African_61.jpg,3
474,/workspace/ExpW/origin/amazed_African_692.jpg,3
475,/workspace/ExpW/origin/amazed_African_700.jpg,3
476,/workspace/ExpW/origin/amazed_African_618.jpg,3
477,/workspace/ExpW/origin/amazed_African_812.jpg,3
478,/workspace/ExpW/origin/amazed_African_746.jpg,3
479,/workspace/ExpW/origin/afraid_man_201.jpg,5
480,/workspace/ExpW/origin/amazed_African_618.jpg,3
481,/workspace/ExpW/origin/amazed_African_91.jpg,3
482,/workspace/ExpW/origin/amazed_African_700.jpg,3
483,/workspace/ExpW/origin/amazed_African_668.jpg,3
484,/workspace/ExpW/origin/amazed_African_692.jpg,3
485,/workspace/ExpW/origin/amazed_African_629.jpg,5
486,/workspace/ExpW/origin/amazed_African_704.jpg,3
487,/workspace/ExpW/origin/amazed_African_708.jpg,3
488,/workspace/ExpW/origin/amazed_African_700.jpg,3
489,/workspace/ExpW/origin/amazed_African_623.jpg,3
490,/workspace/ExpW/origin/afraid_asian_39.jpg,6
491,/workspace/ExpW/origin/amazed_African_658.jpg,3
492,/workspace/ExpW/origin/amazed_African_623.jpg,3
493,/workspace/ExpW/origin/amazed_African_673.jpg,3
494,/workspace/ExpW/origin/amazed_African_834.jpg,3
495,/workspace/ExpW/origin/amazed_African_660.jpg,3
496,/workspace/ExpW/origin/amazed_African_868.jpg,3
497,/workspace/ExpW/origin/amazed_African_618.jpg,3
498,/workspace/ExpW/origin/amazed_African_623.jpg,3
499,/workspace/ExpW/origin/amazed_African_85.jpg,3
500,/workspace/ExpW/origin/amazed_African_710.jpg,3
501,/workspace/ExpW/origin/afraid_old_2.jpg,2
502,/workspace/ExpW/origin/afraid_old_20.jpg,5
503,/workspace/ExpW/origin/afraid_asian_36.jpg,4
504,/workspace/ExpW/origin/afraid_asian_41.jpg,1
505,/workspace/ExpW/origin/afraid_girl_528.jpg,1
506,/workspace/ExpW/origin/afraid_infant_434.jpg,5
507,/workspace/ExpW/origin/afraid_girl_53.jpg,2
508,/workspace/ExpW/origin/afraid_student_3.jpg,2
509,/workspace/ExpW/origin/afraid_yang_467.jpg,5
510,/workspace/ExpW/origin/afraid_girl_342.jpg,5
511,/workspace/ExpW/origin/afraid_girl_52.jpg,2
512,/workspace/ExpW/origin/afraid_man_14.jpg,5
513,/workspace/ExpW/origin/afraid_asian_381.jpg,5
514,/workspace/ExpW/origin/afraid_woman_164.jpg,5
515,/workspace/ExpW/origin/afraid_father_542.jpg,5
516,/workspace/ExpW/origin/afraid_asian_333.jpg,5
517,/workspace/ExpW/origin/afraid_old_258.jpg,5
518,/workspace/ExpW/origin/afraid_girl_109.jpg,6
519,/workspace/ExpW/origin/afraid_asian_20.jpg,5
520,/workspace/ExpW/origin/afraid_worker_569.jpg,0
521,/workspace/ExpW/origin/afraid_girl_365.jpg,2
522,/workspace/ExpW/origin/afraid_old_332.jpg,2
523,/workspace/ExpW/origin/afraid_asian_305.jpg,5
524,/workspace/ExpW/origin/afraid_yang_852.jpg,2
525,/workspace/ExpW/origin/afraid_teacher_360.jpg,3
526,/workspace/ExpW/origin/afraid_grandfather_26.jpg,3
527,/workspace/ExpW/origin/afraid_asian_77.jpg,5
528,/workspace/ExpW/origin/afraid_woman_28.jpg,5
529,/workspace/ExpW/origin/afraid_girl_164.jpg,2
530,/workspace/ExpW/origin/afraid_asian_42.jpg,5
531,/workspace/ExpW/origin/afraid_worker_54.jpg,5
532,/workspace/ExpW/origin/afraid_woman_132.jpg,2
533,/workspace/ExpW/origin/afraid_woman_173.jpg,5
534,/workspace/ExpW/origin/afraid_yang_94.jpg,2
535,/workspace/ExpW/origin/afraid_girl_54.jpg,2
536,/workspace/ExpW/origin/afraid_worker_357.jpg,5
537,/workspace/ExpW/origin/afraid_yang_88.jpg,0
538,/workspace/ExpW/origin/afraid_woman_49.jpg,5
539,/workspace/ExpW/origin/afraid_girl_221.jpg,5
540,/workspace/ExpW/origin/afraid_woman_2.jpg,2
541,/workspace/ExpW/origin/afraid_infant_405.jpg,4
542,/workspace/ExpW/origin/afraid_black_282.jpg,5
543,/workspace/ExpW/origin/afraid_woman_334.jpg,6
544,/workspace/ExpW/origin/afraid_father_896.jpg,5
545,/workspace/ExpW/origin/afraid_worker_296.jpg,5
546,/workspace/ExpW/origin/amazed_actor_477.jpg,6
547,/workspace/ExpW/origin/amazed_African_173.jpg,6
548,/workspace/ExpW/origin/amazed_actor_221.jpg,3
549,/workspace/ExpW/origin/amazed_African_265.jpg,5
550,/workspace/ExpW/origin/amazed_actor_494.jpg,3
551,/workspace/ExpW/origin/amazed_African_215.jpg,6
552,/workspace/ExpW/origin/amazed_African_282.jpg,6
553,/workspace/ExpW/origin/amazed_African_163.jpg,6
554,/workspace/ExpW/origin/amazed_actor_422.jpg,6
555,/workspace/ExpW/origin/amazed_actor_306.jpg,6
556,/workspace/ExpW/origin/amazed_actor_19.jpg,6
557,/workspace/ExpW/origin/amazed_African_495.jpg,3
558,/workspace/ExpW/origin/amazed_African_117.jpg,3
559,/workspace/ExpW/origin/amazed_African_357.jpg,6
560,/workspace/ExpW/origin/amazed_actor_318.jpg,6
561,/workspace/ExpW/origin/amazed_African_55.jpg,3
562,/workspace/ExpW/origin/amazed_actor_108.jpg,6
563,/workspace/ExpW/origin/amazed_African_232.jpg,6
564,/workspace/ExpW/origin/amazed_African_193.jpg,3
565,/workspace/ExpW/origin/amazed_actor_20.jpg,1
566,/workspace/ExpW/origin/amazed_actor_499.jpg,6
567,/workspace/ExpW/origin/amazed_actor_203.jpg,4
568,/workspace/ExpW/origin/amazed_actor_152.jpg,6
569,/workspace/ExpW/origin/amazed_actor_435.jpg,6
570,/workspace/ExpW/origin/amazed_African_187.jpg,3
571,/workspace/ExpW/origin/amazed_actor_116.jpg,3
572,/workspace/ExpW/origin/amazed_African_562.jpg,6
573,/workspace/ExpW/origin/amazed_actor_274.jpg,3
574,/workspace/ExpW/origin/amazed_actor_450.jpg,3
575,/workspace/ExpW/origin/amazed_actor_314.jpg,6
576,/workspace/ExpW/origin/amazed_actor_34.jpg,6
577,/workspace/ExpW/origin/amazed_African_518.jpg,6
578,/workspace/ExpW/origin/amazed_actor_360.jpg,3
579,/workspace/ExpW/origin/amazed_actor_294.jpg,3
580,/workspace/ExpW/origin/amazed_African_321.jpg,3
581,/workspace/ExpW/origin/amazed_African_518.jpg,3
582,/workspace/ExpW/origin/amazed_African_162.jpg,6
583,/workspace/ExpW/origin/amazed_African_46.jpg,3
584,/workspace/ExpW/origin/amazed_African_562.jpg,3
585,/workspace/ExpW/origin/amazed_actor_151.jpg,6
586,/workspace/ExpW/origin/amazed_African_207.jpg,3
587,/workspace/ExpW/origin/amazed_African_315.jpg,6
588,/workspace/ExpW/origin/amazed_actor_250.jpg,6
589,/workspace/ExpW/origin/amazed_actor_21.jpg,6
590,/workspace/ExpW/origin/amazed_actor_371.jpg,6
591,/workspace/ExpW/origin/amazed_African_107.jpg,6
592,/workspace/ExpW/origin/amazed_actor_172.jpg,6
593,/workspace/ExpW/origin/amazed_actor_153.jpg,6
594,/workspace/ExpW/origin/amazed_African_155.jpg,6
595,/workspace/ExpW/origin/amazed_actor_336.jpg,3
596,/workspace/ExpW/origin/amazed_African_497.jpg,6
597,/workspace/ExpW/origin/amazed_actor_205.jpg,6
598,/workspace/ExpW/origin/amazed_actor_163.jpg,6
599,/workspace/ExpW/origin/amazed_actor_234.jpg,6
600,/workspace/ExpW/origin/amazed_African_219.jpg,6
601,/workspace/ExpW/origin/amazed_actor_180.jpg,3
602,/workspace/ExpW/origin/amazed_actor_139.jpg,6
603,/workspace/ExpW/origin/amazed_actor_212.jpg,6
604,/workspace/ExpW/origin/amazed_African_198.jpg,6
605,/workspace/ExpW/origin/amazed_actor_302.jpg,6
606,/workspace/ExpW/origin/amazed_actor_183.jpg,1
607,/workspace/ExpW/origin/amazed_African_279.jpg,6
608,/workspace/ExpW/origin/amazed_African_518.jpg,6
609,/workspace/ExpW/origin/amazed_actor_364.jpg,6
610,/workspace/ExpW/origin/amazed_actor_469.jpg,6
611,/workspace/ExpW/origin/amazed_actor_477.jpg,6
612,/workspace/ExpW/origin/amazed_actor_119.jpg,3
613,/workspace/ExpW/origin/amazed_African_290.jpg,6
614,/workspace/ExpW/origin/amazed_African_321.jpg,3
615,/workspace/ExpW/origin/amazed_actor_471.jpg,3
616,/workspace/ExpW/origin/amazed_African_495.jpg,3
617,/workspace/ExpW/origin/amazed_actor_379.jpg,6
618,/workspace/ExpW/origin/amazed_actor_416.jpg,3
619,/workspace/ExpW/origin/amazed_actor_381.jpg,6
620,/workspace/ExpW/origin/amazed_African_357.jpg,6
621,/workspace/ExpW/origin/amazed_actor_250.jpg,6
622,/workspace/ExpW/origin/amazed_actor_40.jpg,6
623,/workspace/ExpW/origin/amazed_actor_356.jpg,3
624,/workspace/ExpW/origin/amazed_African_518.jpg,6
625,/workspace/ExpW/origin/amazed_African_208.jpg,3
626,/workspace/ExpW/origin/amazed_actor_330.jpg,6
627,/workspace/ExpW/origin/amazed_African_28.jpg,3
628,/workspace/ExpW/origin/amazed_actor_345.jpg,6
629,/workspace/ExpW/origin/amazed_actor_28.jpg,6
630,/workspace/ExpW/origin/amazed_actor_33.jpg,6
631,/workspace/ExpW/origin/amazed_African_299.jpg,6
632,/workspace/ExpW/origin/amazed_actor_187.jpg,6
633,/workspace/ExpW/origin/amazed_African_170.jpg,6
634,/workspace/ExpW/origin/amazed_actor_377.jpg,6
635,/workspace/ExpW/origin/amazed_African_379.jpg,6
636,/workspace/ExpW/origin/amazed_actor_284.jpg,6
637,/workspace/ExpW/origin/amazed_actor_320.jpg,3
638,/workspace/ExpW/origin/amazed_African_148.jpg,3
639,/workspace/ExpW/origin/amazed_actor_497.jpg,6
640,/workspace/ExpW/origin/amazed_African_280.jpg,6
641,/workspace/ExpW/origin/amazed_African_357.jpg,6
642,/workspace/ExpW/origin/amazed_actor_286.jpg,6
643,/workspace/ExpW/origin/amazed_African_168.jpg,6
644,/workspace/ExpW/origin/amazed_actor_352.jpg,6
645,/workspace/ExpW/origin/amazed_African_290.jpg,6
646,/workspace/ExpW/origin/amazed_actor_232.jpg,6
647,/workspace/ExpW/origin/amazed_African_396.jpg,3
648,/workspace/ExpW/origin/amazed_actor_158.jpg,6
649,/workspace/ExpW/origin/amazed_actor_219.jpg,6
650,/workspace/ExpW/origin/amazed_actor_346.jpg,3
651,/workspace/ExpW/origin/amazed_actor_473.jpg,3
652,/workspace/ExpW/origin/amazed_African_219.jpg,6
653,/workspace/ExpW/origin/amazed_African_166.jpg,6
654,/workspace/ExpW/origin/amazed_African_260.jpg,6
655,/workspace/ExpW/origin/amazed_actor_315.jpg,6
656,/workspace/ExpW/origin/amazed_African_321.jpg,3
657,/workspace/ExpW/origin/amazed_African_379.jpg,3
658,/workspace/ExpW/origin/amazed_actor_127.jpg,3
659,/workspace/ExpW/origin/amazed_African_333.jpg,3
660,/workspace/ExpW/origin/amazed_African_454.jpg,3
661,/workspace/ExpW/origin/amazed_African_328.jpg,6
662,/workspace/ExpW/origin/amazed_actor_369.jpg,6
663,/workspace/ExpW/origin/amazed_actor_483.jpg,6
664,/workspace/ExpW/origin/amazed_African_269.jpg,6
665,/workspace/ExpW/origin/amazed_African_308.jpg,6
666,/workspace/ExpW/origin/amazed_African_192.jpg,6
667,/workspace/ExpW/origin/amazed_African_363.jpg,6
668,/workspace/ExpW/origin/amazed_African_562.jpg,3
669,/workspace/ExpW/origin/amazed_actor_482.jpg,3
670,/workspace/ExpW/origin/amazed_actor_404.jpg,6
671,/workspace/ExpW/origin/amazed_actor_112.jpg,6
672,/workspace/ExpW/origin/amazed_actor_402.jpg,6
673,/workspace/ExpW/origin/amazed_African_184.jpg,6
674,/workspace/ExpW/origin/amazed_actor_126.jpg,6
675,/workspace/ExpW/origin/amazed_African_433.jpg,6
676,/workspace/ExpW/origin/amazed_African_234.jpg,6
677,/workspace/ExpW/origin/amazed_African_562.jpg,3
678,/workspace/ExpW/origin/amazed_actor_231.jpg,6
679,/workspace/ExpW/origin/amazed_actor_250.jpg,6
680,/workspace/ExpW/origin/amazed_actor_454.jpg,6
681,/workspace/ExpW/origin/amazed_African_34.jpg,6
682,/workspace/ExpW/origin/amazed_African_230.jpg,3
683,/workspace/ExpW/origin/amazed_actor_281.jpg,6
684,/workspace/ExpW/origin/amazed_actor_124.jpg,6
685,/workspace/ExpW/origin/amazed_African_142.jpg,3
686,/workspace/ExpW/origin/amazed_actor_174.jpg,3
687,/workspace/ExpW/origin/amazed_actor_433.jpg,6
688,/workspace/ExpW/origin/amazed_actor_468.jpg,3
689,/workspace/ExpW/origin/amazed_African_20.jpg,3
690,/workspace/ExpW/origin/amazed_actor_242.jpg,6
691,/workspace/ExpW/origin/amazed_actor_182.jpg,3
692,/workspace/ExpW/origin/amazed_actor_137.jpg,6
693,/workspace/ExpW/origin/amazed_African_176.jpg,6
694,/workspace/ExpW/origin/amazed_actor_250.jpg,6
695,/workspace/ExpW/origin/amazed_actor_353.jpg,6
696,/workspace/ExpW/origin/amazed_African_495.jpg,6
697,/workspace/ExpW/origin/amazed_African_309.jpg,6
698,/workspace/ExpW/origin/amazed_African_52.jpg,6
699,/workspace/ExpW/origin/amazed_actor_118.jpg,6
700,/workspace/ExpW/origin/amazed_actor_13.jpg,6
701,/workspace/ExpW/origin/amazed_actor_258.jpg,6
702,/workspace/ExpW/origin/amazed_African_190.jpg,6
703,/workspace/ExpW/origin/amazed_African_350.jpg,6
704,/workspace/ExpW/origin/amazed_actor_394.jpg,3
705,/workspace/ExpW/origin/amazed_African_389.jpg,6
706,/workspace/ExpW/origin/amazed_actor_499.jpg,6
707,/workspace/ExpW/origin/amazed_actor_431.jpg,3
708,/workspace/ExpW/origin/amazed_African_336.jpg,6
709,/workspace/ExpW/origin/amazed_actor_301.jpg,6
710,/workspace/ExpW/origin/amazed_African_182.jpg,6
711,/workspace/ExpW/origin/amazed_African_348.jpg,6
712,/workspace/ExpW/origin/amazed_African_320.jpg,6
713,/workspace/ExpW/origin/amazed_African_352.jpg,6
714,/workspace/ExpW/origin/amazed_African_503.jpg,6
715,/workspace/ExpW/origin/amazed_African_339.jpg,6
716,/workspace/ExpW/origin/amazed_actor_246.jpg,3
717,/workspace/ExpW/origin/amazed_African_320.jpg,6
718,/workspace/ExpW/origin/amazed_actor_354.jpg,3
719,/workspace/ExpW/origin/amazed_actor_285.jpg,3
720,/workspace/ExpW/origin/amazed_African_281.jpg,3
721,/workspace/ExpW/origin/amazed_actor_325.jpg,6
722,/workspace/ExpW/origin/amazed_actor_106.jpg,6
723,/workspace/ExpW/origin/amazed_African_183.jpg,6
724,/workspace/ExpW/origin/amazed_African_328.jpg,3
725,/workspace/ExpW/origin/amazed_African_518.jpg,6
726,/workspace/ExpW/origin/amazed_actor_441.jpg,6
727,/workspace/ExpW/origin/amazed_actor_209.jpg,6
728,/workspace/ExpW/origin/amazed_actor_399.jpg,6
729,/workspace/ExpW/origin/amazed_African_142.jpg,3
730,/workspace/ExpW/origin/amazed_African_268.jpg,5
731,/workspace/ExpW/origin/amazed_African_503.jpg,6
732,/workspace/ExpW/origin/amazed_actor_207.jpg,6
733,/workspace/ExpW/origin/amazed_actor_357.jpg,3
734,/workspace/ExpW/origin/amazed_African_134.jpg,6
735,/workspace/ExpW/origin/amazed_actor_200.jpg,3
736,/workspace/ExpW/origin/amazed_actor_250.jpg,6
737,/workspace/ExpW/origin/amazed_African_435.jpg,6
738,/workspace/ExpW/origin/amazed_African_250.jpg,6
739,/workspace/ExpW/origin/amazed_actor_433.jpg,6
740,/workspace/ExpW/origin/amazed_actor_404.jpg,6
741,/workspace/ExpW/origin/amazed_actor_470.jpg,6
742,/workspace/ExpW/origin/amazed_actor_311.jpg,6
743,/workspace/ExpW/origin/amazed_actor_233.jpg,6
744,/workspace/ExpW/origin/amazed_actor_194.jpg,6
745,/workspace/ExpW/origin/amazed_actor_368.jpg,6
746,/workspace/ExpW/origin/amazed_actor_376.jpg,6
747,/workspace/ExpW/origin/amazed_actor_5.jpg,5
748,/workspace/ExpW/origin/amazed_actor_386.jpg,6
749,/workspace/ExpW/origin/amazed_actor_196.jpg,6
750,/workspace/ExpW/origin/amazed_African_921.jpg,6
751,/workspace/ExpW/origin/amazed_African_804.jpg,6
752,/workspace/ExpW/origin/amazed_African_662.jpg,6
753,/workspace/ExpW/origin/amazed_African_645.jpg,6
754,/workspace/ExpW/origin/amazed_African_658.jpg,3
755,/workspace/ExpW/origin/amazed_African_952.jpg,6
756,/workspace/ExpW/origin/amazed_African_816.jpg,6
757,/workspace/ExpW/origin/amazed_African_848.jpg,6
758,/workspace/ExpW/origin/amazed_African_655.jpg,6
759,/workspace/ExpW/origin/amazed_African_562.jpg,6
760,/workspace/ExpW/origin/amazed_African_654.jpg,6
761,/workspace/ExpW/origin/amazed_African_618.jpg,3
762,/workspace/ExpW/origin/amazed_African_776.jpg,6
763,/workspace/ExpW/origin/amazed_African_66.jpg,6
764,/workspace/ExpW/origin/amazed_African_562.jpg,6
765,/workspace/ExpW/origin/amazed_African_692.jpg,3
766,/workspace/ExpW/origin/amazed_African_562.jpg,6
767,/workspace/ExpW/origin/amazed_African_562.jpg,6
768,/workspace/ExpW/origin/amazed_African_645.jpg,6
769,/workspace/ExpW/origin/amazed_African_662.jpg,6
770,/workspace/ExpW/origin/amazed_African_805.jpg,6
771,/workspace/ExpW/origin/amazed_African_629.jpg,3
772,/workspace/ExpW/origin/amazed_African_866.jpg,6
773,/workspace/ExpW/origin/amazed_African_697.jpg,3
774,/workspace/ExpW/origin/amazed_African_866.jpg,3
775,/workspace/ExpW/origin/amazed_African_562.jpg,6
776,/workspace/ExpW/origin/amazed_African_779.jpg,3
777,/workspace/ExpW/origin/amazed_African_58.jpg,6
778,/workspace/ExpW/origin/amazed_African_898.jpg,6
779,/workspace/ExpW/origin/amazed_African_921.jpg,6
780,/workspace/ExpW/origin/amazed_African_776.jpg,6
781,/workspace/ExpW/origin/amazed_African_577.jpg,6
782,/workspace/ExpW/origin/amazed_African_562.jpg,6
783,/workspace/ExpW/origin/amazed_African_704.jpg,3
784,/workspace/ExpW/origin/amazed_African_866.jpg,6
785,/workspace/ExpW/origin/amazed_African_562.jpg,6
786,/workspace/ExpW/origin/afraid_european_13.jpg,5
787,/workspace/ExpW/origin/amazed_African_72.jpg,6
788,/workspace/ExpW/origin/amazed_African_562.jpg,6
789,/workspace/ExpW/origin/amazed_African_921.jpg,6
790,/workspace/ExpW/origin/amazed_African_864.jpg,6
791,/workspace/ExpW/origin/amazed_African_562.jpg,6
792,/workspace/ExpW/origin/amazed_African_655.jpg,6
793,/workspace/ExpW/origin/amazed_African_645.jpg,6
794,/workspace/ExpW/origin/amazed_African_562.jpg,6
795,/workspace/ExpW/origin/amazed_African_629.jpg,6
796,/workspace/ExpW/origin/amazed_African_618.jpg,3
797,/workspace/ExpW/origin/amazed_African_866.jpg,6
798,/workspace/ExpW/origin/amazed_African_864.jpg,3
799,/workspace/ExpW/origin/amazed_African_707.jpg,3
800,/workspace/ExpW/origin/amazed_African_735.jpg,3
801,/workspace/ExpW/origin/afraid_black_105.jpg,6
802,/workspace/ExpW/origin/afraid_girl_290.jpg,2
803,/workspace/ExpW/origin/afraid_girl_140.jpg,5
804,/workspace/ExpW/origin/afraid_woman_58.jpg,5
805,/workspace/ExpW/origin/afraid_infant_210.jpg,1
806,/workspace/ExpW/origin/afraid_worker_412.jpg,5
807,/workspace/ExpW/origin/afraid_old_228.jpg,5
808,/workspace/ExpW/origin/afraid_father_738.jpg,5
809,/workspace/ExpW/origin/afraid_woman_110.jpg,5
810,/workspace/ExpW/origin/afraid_boy_11.jpg,4
811,/workspace/ExpW/origin/afraid_girl_200.jpg,5
812,/workspace/ExpW/origin/afraid_asian_4.jpg,4
813,/workspace/ExpW/origin/afraid_infant_191.jpg,6
814,/workspace/ExpW/origin/afraid_manager_847.jpg,6
815,/workspace/ExpW/origin/afraid_student_339.jpg,2
816,/workspace/ExpW/origin/afraid_girl_100.jpg,3
817,/workspace/ExpW/origin/afraid_black_415.jpg,5
818,/workspace/ExpW/origin/afraid_woman_67.jpg,5
819,/workspace/ExpW/origin/afraid_european_318.jpg,2
820,/workspace/ExpW/origin/afraid_woman_539.jpg,2
821,/workspace/ExpW/origin/afraid_boy_666.jpg,2
822,/workspace/ExpW/origin/afraid_man_218.jpg,5
823,/workspace/ExpW/origin/afraid_woman_5.jpg,5
824,/workspace/ExpW/origin/afraid_African_960.jpg,1
825,/workspace/ExpW/origin/afraid_asian_201.jpg,5
826,/workspace/ExpW/origin/afraid_girl_385.jpg,2
827,/workspace/ExpW/origin/afraid_asian_153.jpg,5
828,/workspace/ExpW/origin/afraid_grandmother_387.jpg,2
829,/workspace/ExpW/origin/afraid_girl_105.jpg,6
830,/workspace/ExpW/origin/afraid_woman_306.jpg,5
831,/workspace/ExpW/origin/afraid_asian_2.jpg,5
832,/workspace/ExpW/origin/afraid_couple_21.jpg,6
833,/workspace/ExpW/origin/afraid_asian_7.jpg,6
834,/workspace/ExpW/origin/afraid_man_5.jpg,5
835,/workspace/ExpW/origin/afraid_american_238.jpg,5
836,/workspace/ExpW/origin/afraid_son_722.jpg,4
837,/workspace/ExpW/origin/afraid_grandmother_695.jpg,2
838,/workspace/ExpW/origin/afraid_boy_8.jpg,2
839,/workspace/ExpW/origin/afraid_worker_36.jpg,6
840,/workspace/ExpW/origin/afraid_couple_523.jpg,1
841,/workspace/ExpW/origin/amazed_actor_488.jpg,6
842,/workspace/ExpW/origin/amazed_actor_491.jpg,3
843,/workspace/ExpW/origin/amazed_actor_213.jpg,3
844,/workspace/ExpW/origin/amazed_actor_164.jpg,6
845,/workspace/ExpW/origin/amazed_actor_285.jpg,3
846,/workspace/ExpW/origin/amazed_African_618.jpg,3
847,/workspace/ExpW/origin/amazed_African_463.jpg,6
848,/workspace/ExpW/origin/amazed_actor_352.jpg,6
849,/workspace/ExpW/origin/amazed_African_141.jpg,6
850,/workspace/ExpW/origin/amazed_actor_358.jpg,6
851,/workspace/ExpW/origin/amazed_African_446.jpg,3
852,/workspace/ExpW/origin/amazed_African_633.jpg,5
853,/workspace/ExpW/origin/amazed_actor_110.jpg,3
854,/workspace/ExpW/origin/amazed_actor_451.jpg,3
855,/workspace/ExpW/origin/amazed_actor_500.jpg,6
856,/workspace/ExpW/origin/amazed_African_549.jpg,6
857,/workspace/ExpW/origin/amazed_African_185.jpg,3
858,/workspace/ExpW/origin/amazed_African_618.jpg,3
859,/workspace/ExpW/origin/amazed_African_531.jpg,3
860,/workspace/ExpW/origin/amazed_actor_477.jpg,3
861,/workspace/ExpW/origin/amazed_actor_372.jpg,3
862,/workspace/ExpW/origin/amazed_actor_182.jpg,3
863,/workspace/ExpW/origin/amazed_African_149.jpg,6
864,/workspace/ExpW/origin/amazed_African_137.jpg,6
865,/workspace/ExpW/origin/amazed_actor_419.jpg,3
866,/workspace/ExpW/origin/amazed_African_495.jpg,6
867,/workspace/ExpW/origin/amazed_actor_182.jpg,3
868,/workspace/ExpW/origin/amazed_actor_288.jpg,1
869,/workspace/ExpW/origin/amazed_actor_26.jpg,3
870,/workspace/ExpW/origin/amazed_African_261.jpg,6
871,/workspace/ExpW/origin/amazed_actor_373.jpg,3
872,/workspace/ExpW/origin/amazed_actor_400.jpg,1
873,/workspace/ExpW/origin/amazed_actor_485.jpg,3
874,/workspace/ExpW/origin/amazed_African_583.jpg,3
875,/workspace/ExpW/origin/amazed_actor_182.jpg,3
876,/workspace/ExpW/origin/amazed_actor_254.jpg,6
877,/workspace/ExpW/origin/amazed_African_141.jpg,3
878,/workspace/ExpW/origin/amazed_African_623.jpg,3
879,/workspace/ExpW/origin/amazed_African_613.jpg,3
880,/workspace/ExpW/origin/amazed_African_409.jpg,3
881,/workspace/ExpW/origin/amazed_actor_507.jpg,0
882,/workspace/ExpW/origin/amazed_African_298.jpg,3
883,/workspace/ExpW/origin/amazed_African_368.jpg,6
884,/workspace/ExpW/origin/amazed_actor_3.jpg,6
885,/workspace/ExpW/origin/amazed_actor_11.jpg,5
886,/workspace/ExpW/origin/amazed_actor_182.jpg,3
887,/workspace/ExpW/origin/amazed_actor_115.jpg,6
888,/workspace/ExpW/origin/amazed_actor_182.jpg,6
889,/workspace/ExpW/origin/amazed_actor_484.jpg,6
890,/workspace/ExpW/origin/amazed_African_604.jpg,3
891,/workspace/ExpW/origin/amazed_actor_134.jpg,3
892,/workspace/ExpW/origin/amazed_actor_144.jpg,0
893,/workspace/ExpW/origin/amazed_African_651.jpg,6
894,/workspace/ExpW/origin/amazed_actor_208.jpg,6
895,/workspace/ExpW/origin/amazed_African_435.jpg,6
896,/workspace/ExpW/origin/amazed_actor_446.jpg,1
897,/workspace/ExpW/origin/amazed_actor_269.jpg,6
898,/workspace/ExpW/origin/amazed_African_662.jpg,6
899,/workspace/ExpW/origin/amazed_actor_395.jpg,6
900,/workspace/ExpW/origin/amazed_actor_480.jpg,6
901,/workspace/ExpW/origin/amazed_African_645.jpg,6
902,/workspace/ExpW/origin/amazed_African_584.jpg,3
903,/workspace/ExpW/origin/amazed_African_603.jpg,6
904,/workspace/ExpW/origin/amazed_actor_117.jpg,6
905,/workspace/ExpW/origin/amazed_actor_495.jpg,1
906,/workspace/ExpW/origin/amazed_actor_449.jpg,3
907,/workspace/ExpW/origin/amazed_actor_137.jpg,1
908,/workspace/ExpW/origin/amazed_African_340.jpg,3
909,/workspace/ExpW/origin/amazed_African_603.jpg,3
910,/workspace/ExpW/origin/amazed_African_356.jpg,3
911,/workspace/ExpW/origin/amazed_actor_331.jpg,3
912,/workspace/ExpW/origin/amazed_actor_47.jpg,6
913,/workspace/ExpW/origin/amazed_African_518.jpg,3
914,/workspace/ExpW/origin/amazed_actor_287.jpg,6
915,/workspace/ExpW/origin/amazed_actor_266.jpg,3
916,/workspace/ExpW/origin/amazed_African_47.jpg,6
917,/workspace/ExpW/origin/amazed_actor_146.jpg,6
918,/workspace/ExpW/origin/amazed_actor_441.jpg,3
919,/workspace/ExpW/origin/amazed_actor_210.jpg,1
920,/workspace/ExpW/origin/amazed_African_311.jpg,6
921,/workspace/ExpW/origin/amazed_actor_116.jpg,1
922,/workspace/ExpW/origin/amazed_African_309.jpg,3
923,/workspace/ExpW/origin/amazed_actor_244.jpg,3
924,/workspace/ExpW/origin/amazed_African_289.jpg,3
925,/workspace/ExpW/origin/amazed_actor_404.jpg,6
926,/workspace/ExpW/origin/amazed_African_562.jpg,6
927,/workspace/ExpW/origin/amazed_actor_393.jpg,1
928,/workspace/ExpW/origin/amazed_African_509.jpg,1
929,/workspace/ExpW/origin/amazed_actor_182.jpg,3
930,/workspace/ExpW/origin/amazed_actor_157.jpg,1
931,/workspace/ExpW/origin/amazed_African_313.jpg,3
932,/workspace/ExpW/origin/amazed_African_236.jpg,3
933,/workspace/ExpW/origin/amazed_actor_147.jpg,6
934,/workspace/ExpW/origin/amazed_African_69.jpg,5
935,/workspace/ExpW/origin/amazed_African_217.jpg,3
936,/workspace/ExpW/origin/amazed_actor_199.jpg,6
937,/workspace/ExpW/origin/amazed_actor_337.jpg,6
938,/workspace/ExpW/origin/amazed_actor_217.jpg,6
939,/workspace/ExpW/origin/amazed_African_368.jpg,3
940,/workspace/ExpW/origin/amazed_actor_291.jpg,1
941,/workspace/ExpW/origin/amazed_actor_198.jpg,3
942,/workspace/ExpW/origin/amazed_actor_197.jpg,1
943,/workspace/ExpW/origin/amazed_actor_280.jpg,1
944,/workspace/ExpW/origin/amazed_African_64.jpg,1
945,/workspace/ExpW/origin/amazed_African_451.jpg,3
946,/workspace/ExpW/origin/amazed_African_108.jpg,6
947,/workspace/ExpW/origin/amazed_actor_235.jpg,3
948,/workspace/ExpW/origin/amazed_African_30.jpg,3
949,/workspace/ExpW/origin/amazed_African_196.jpg,1
950,/workspace/ExpW/origin/afraid_infant_28.jpg,6
951,/workspace/ExpW/origin/amazed_actor_182.jpg,3
952,/workspace/ExpW/origin/amazed_actor_133.jpg,1
953,/workspace/ExpW/origin/amazed_actor_107.jpg,6
954,/workspace/ExpW/origin/amazed_African_160.jpg,6
955,/workspace/ExpW/origin/amazed_African_62.jpg,3
956,/workspace/ExpW/origin/amazed_African_339.jpg,1
957,/workspace/ExpW/origin/amazed_actor_319.jpg,3
958,/workspace/ExpW/origin/amazed_actor_381.jpg,1
959,/workspace/ExpW/origin/amazed_actor_177.jpg,3
960,/workspace/ExpW/origin/amazed_African_673.jpg,3
961,/workspace/ExpW/origin/amazed_actor_332.jpg,3
962,/workspace/ExpW/origin/amazed_African_446.jpg,3
963,/workspace/ExpW/origin/amazed_actor_308.jpg,5
964,/workspace/ExpW/origin/amazed_African_303.jpg,6
965,/workspace/ExpW/origin/amazed_African_118.jpg,5
966,/workspace/ExpW/origin/amazed_African_308.jpg,1
967,/workspace/ExpW/origin/amazed_African_19.jpg,3
968,/workspace/ExpW/origin/amazed_actor_350.jpg,6
969,/workspace/ExpW/origin/amazed_actor_487.jpg,6
970,/workspace/ExpW/origin/amazed_actor_268.jpg,3
971,/workspace/ExpW/origin/amazed_actor_351.jpg,6
972,/workspace/ExpW/origin/amazed_actor_493.jpg,1
973,/workspace/ExpW/origin/amazed_actor_192.jpg,6
974,/workspace/ExpW/origin/amazed_actor_328.jpg,6
975,/workspace/ExpW/origin/amazed_African_80.jpg,1
976,/workspace/ExpW/origin/amazed_African_816.jpg,3
977,/workspace/ExpW/origin/amazed_African_796.jpg,6
978,/workspace/ExpW/origin/amazed_African_746.jpg,3
979,/workspace/ExpW/origin/amazed_African_92.jpg,6
980,/workspace/ExpW/origin/amazed_African_804.jpg,3
981,/workspace/ExpW/origin/amazed_African_803.jpg,6
982,/workspace/ExpW/origin/amazed_African_779.jpg,3
983,/workspace/ExpW/origin/amazed_African_864.jpg,1
984,/workspace/ExpW/origin/amazed_African_714.jpg,6
985,/workspace/ExpW/origin/amazed_African_87.jpg,3
986,/workspace/ExpW/origin/amazed_African_714.jpg,3
987,/workspace/ExpW/origin/afraid_man_71.jpg,5
988,/workspace/ExpW/origin/amazed_African_700.jpg,3
989,/workspace/ExpW/origin/amazed_African_856.jpg,3
990,/workspace/ExpW/origin/amazed_African_856.jpg,5
991,/workspace/ExpW/origin/amazed_African_816.jpg,3
992,/workspace/ExpW/origin/amazed_African_921.jpg,6
993,/workspace/ExpW/origin/amazed_African_809.jpg,3
994,/workspace/ExpW/origin/amazed_African_921.jpg,6
995,/workspace/ExpW/origin/amazed_African_78.jpg,5
996,/workspace/ExpW/origin/amazed_African_805.jpg,4
997,/workspace/ExpW/origin/amazed_African_774.jpg,3
998,/workspace/ExpW/origin/amazed_African_88.jpg,1
999,/workspace/ExpW/origin/amazed_African_803.jpg,6
1000,/workspace/ExpW/origin/amazed_African_87.jpg,3
1001,/workspace/ExpW/origin/amazed_African_746.jpg,3
1002,/workspace/ExpW/origin/afraid_asian_336.jpg,5
1003,/workspace/ExpW/origin/afraid_father_248.jpg,6
1004,/workspace/ExpW/origin/afraid_woman_50.jpg,2
1005,/workspace/ExpW/origin/afraid_man_234.jpg,5
1006,/workspace/ExpW/origin/afraid_european_630.jpg,5
1007,/workspace/ExpW/origin/afraid_boy_553.jpg,5
1008,/workspace/ExpW/origin/afraid_infant_240.jpg,2
1009,/workspace/ExpW/origin/afraid_African_214.jpg,2
1010,/workspace/ExpW/origin/afraid_boy_71.jpg,5
1011,/workspace/ExpW/origin/afraid_asian_367.jpg,5
1012,/workspace/ExpW/origin/afraid_boy_234.jpg,4
1013,/workspace/ExpW/origin/afraid_girl_364.jpg,5
1014,/workspace/ExpW/origin/afraid_girl_444.jpg,4
1015,/workspace/ExpW/origin/afraid_girl_488.jpg,5
1016,/workspace/ExpW/origin/afraid_student_783.jpg,5
1017,/workspace/ExpW/origin/afraid_american_190.jpg,2
1018,/workspace/ExpW/origin/afraid_worker_46.jpg,5
1019,/workspace/ExpW/origin/afraid_mother_436.jpg,5
1020,/workspace/ExpW/origin/afraid_girl_220.jpg,5
1021,/workspace/ExpW/origin/afraid_asian_310.jpg,5
1022,/workspace/ExpW/origin/afraid_yang_413.jpg,5
1023,/workspace/ExpW/origin/afraid_girl_528.jpg,6
1024,/workspace/ExpW/origin/afraid_girl_194.jpg,5
1025,/workspace/ExpW/origin/afraid_asian_437.jpg,5
1026,/workspace/ExpW/origin/afraid_yang_797.jpg,5
1027,/workspace/ExpW/origin/afraid_woman_372.jpg,5
1028,/workspace/ExpW/origin/afraid_old_367.jpg,4
1029,/workspace/ExpW/origin/afraid_woman_44.jpg,5
1030,/workspace/ExpW/origin/afraid_grandfather_608.jpg,5
1031,/workspace/ExpW/origin/afraid_man_334.jpg,4
1032,/workspace/ExpW/origin/afraid_worker_4.jpg,5
1033,/workspace/ExpW/origin/afraid_european_265.jpg,5
1034,/workspace/ExpW/origin/afraid_man_28.jpg,3
1035,/workspace/ExpW/origin/afraid_boy_747.jpg,5
1036,/workspace/ExpW/origin/afraid_worker_312.jpg,5
1037,/workspace/ExpW/origin/afraid_man_128.jpg,2
1038,/workspace/ExpW/origin/afraid_worker_662.jpg,5
1039,/workspace/ExpW/origin/afraid_man_152.jpg,5
1040,/workspace/ExpW/origin/afraid_father_56.jpg,5
1041,/workspace/ExpW/origin/afraid_family_219.jpg,2
1042,/workspace/ExpW/origin/afraid_man_166.jpg,5
1043,/workspace/ExpW/origin/afraid_man_98.jpg,5
1044,/workspace/ExpW/origin/amazed_actor_250.jpg,5
1045,/workspace/ExpW/origin/amazed_actor_114.jpg,6
1046,/workspace/ExpW/origin/amazed_actor_250.jpg,6
1047,/workspace/ExpW/origin/amazed_actor_423.jpg,5
1048,/workspace/ExpW/origin/amazed_actor_299.jpg,6
1049,/workspace/ExpW/origin/amazed_actor_333.jpg,5
1050,/workspace/ExpW/origin/afraid_student_39.jpg,5
1051,/workspace/ExpW/origin/amazed_African_120.jpg,5
1052,/workspace/ExpW/origin/amazed_African_2.jpg,5
1053,/workspace/ExpW/origin/amazed_African_54.jpg,5
1054,/workspace/ExpW/origin/amazed_African_97.jpg,5
1055,/workspace/ExpW/origin/amazed_African_152.jpg,5
1056,/workspace/ExpW/origin/amazed_African_7.jpg,5
1057,/workspace/ExpW/origin/amazed_African_6.jpg,5
1058,/workspace/ExpW/origin/amazed_African_10.jpg,5
1059,/workspace/ExpW/origin/amazed_African_31.jpg,5
1060,/workspace/ExpW/origin/amazed_African_4.jpg,5
1061,/workspace/ExpW/origin/amazed_African_809.jpg,3
1062,/workspace/ExpW/origin/amazed_African_520.jpg,5
1063,/workspace/ExpW/origin/afraid_man_173.jpg,5
1064,/workspace/ExpW/origin/afraid_woman_239.jpg,5
1065,/workspace/ExpW/origin/afraid_asian_70.jpg,5
1066,/workspace/ExpW/origin/afraid_grandmother_13.jpg,5
1067,/workspace/ExpW/origin/afraid_woman_77.jpg,3
1068,/workspace/ExpW/origin/afraid_boy_154.jpg,1
1069,/workspace/ExpW/origin/afraid_asian_285.jpg,5
1070,/workspace/ExpW/origin/afraid_manager_185.jpg,6
1071,/workspace/ExpW/origin/afraid_girl_196.jpg,5
1072,/workspace/ExpW/origin/afraid_grandfather_329.jpg,6
1073,/workspace/ExpW/origin/afraid_girl_570.jpg,5
1074,/workspace/ExpW/origin/afraid_infant_78.jpg,4
1075,/workspace/ExpW/origin/afraid_girl_167.jpg,5
1076,/workspace/ExpW/origin/afraid_girl_39.jpg,3
1077,/workspace/ExpW/origin/afraid_man_44.jpg,5
1078,/workspace/ExpW/origin/afraid_student_6.jpg,2
1079,/workspace/ExpW/origin/afraid_asian_103.jpg,3
1080,/workspace/ExpW/origin/afraid_woman_656.jpg,5
1081,/workspace/ExpW/origin/afraid_couple_248.jpg,6
1082,/workspace/ExpW/origin/afraid_yang_817.jpg,4
1083,/workspace/ExpW/origin/afraid_european_980.jpg,3
1084,/workspace/ExpW/origin/afraid_man_41.jpg,6
1085,/workspace/ExpW/origin/afraid_chinese_41.jpg,5
1086,/workspace/ExpW/origin/afraid_manager_398.jpg,0
1087,/workspace/ExpW/origin/afraid_woman_128.jpg,5
1088,/workspace/ExpW/origin/afraid_woman_346.jpg,5
1089,/workspace/ExpW/origin/afraid_asian_24.jpg,5
1090,/workspace/ExpW/origin/afraid_girl_55.jpg,5
1091,/workspace/ExpW/origin/afraid_grandmother_450.jpg,5
1092,/workspace/ExpW/origin/afraid_asian_501.jpg,5
1093,/workspace/ExpW/origin/afraid_woman_54.jpg,2
1094,/workspace/ExpW/origin/afraid_man_1.jpg,5
1095,/workspace/ExpW/origin/afraid_black_444.jpg,5
1096,/workspace/ExpW/origin/afraid_infant_8.jpg,5
1097,/workspace/ExpW/origin/afraid_woman_45.jpg,5
1098,/workspace/ExpW/origin/afraid_yang_378.jpg,5
1099,/workspace/ExpW/origin/afraid_woman_226.jpg,5
1100,/workspace/ExpW/origin/afraid_woman_214.jpg,3
1101,/workspace/ExpW/origin/afraid_man_293.jpg,5
1102,/workspace/ExpW/origin/afraid_man_257.jpg,5
1103,/workspace/ExpW/origin/afraid_man_67.jpg,5
1104,/workspace/ExpW/origin/afraid_woman_96.jpg,1
1105,/workspace/ExpW/origin/afraid_man_29.jpg,6
1106,/workspace/ExpW/origin/afraid_woman_204.jpg,6
1107,/workspace/ExpW/origin/afraid_girl_13.jpg,4
